{"2-way 1-shot 0-repeat": [0.5925, 0.1460094175044884], "2-way 1-shot 1-repeat": [0.6140000000000001, 0.12471567664090989]}