{"2-way 1-shot 0-repeat": [0.5115000133216381, 0.100711225724957], "2-way 1-shot 1-repeat": [0.5050000090897083, 0.1192686075359651], "2-way 1-shot 2-repeat": [0.5145000131428241, 0.10938350634644048], "2-way 1-shot 3-repeat": [0.5015000100433826, 0.1314258382711237], "2-way 1-shot 4-repeat": [0.509000006839633, 0.1404243565081521], "2-way 1-shot": [0.5083000104874372, 0.12024270687732767], "2-way 1-shot_print": "acc: 0.5083\n std: 0.1202\n interval: 0.0236", "2-way 3-shot 0-repeat": [0.5410000115633011, 0.13235936251701017], "2-way 3-shot 1-repeat": [0.5585000112652778, 0.11159189102383955], "2-way 3-shot 2-repeat": [0.537500011920929, 0.13329947764000352], "2-way 3-shot 3-repeat": [0.5585000145435334, 0.11314924201555608], "2-way 3-shot 4-repeat": [0.5410000115633011, 0.10473299677489983], "2-way 3-shot": [0.5473000121712686, 0.11902659399426185], "2-way 3-shot_print": "acc: 0.5473\n std: 0.1190\n interval: 0.0233", "2-way 5-shot 0-repeat": [0.5200000128149986, 0.11532563240718129], "2-way 5-shot 1-repeat": [0.5790000143647194, 0.105161781637704], "2-way 5-shot 2-repeat": [0.5645000112056732, 0.10471270396857316], "2-way 5-shot 3-repeat": [0.5690000107884408, 0.12425377356720635], "2-way 5-shot 4-repeat": [0.5785000133514404, 0.10983055351178556], "2-way 5-shot": [0.5622000125050545, 0.11185688901849007], "2-way 5-shot_print": "acc: 0.5622\n std: 0.1119\n interval: 0.0219"}