{"2-way 1-shot 0-repeat": [0.561000012755394, 0.12300000234832673], "2-way 1-shot 1-repeat": [0.5780000126361847, 0.14651280099027372], "2-way 1-shot 2-repeat": [0.5450000147521495, 0.12678722721539012], "2-way 1-shot 3-repeat": [0.530000009983778, 0.12922848242764598], "2-way 1-shot 4-repeat": [0.5155000108480453, 0.1256373775168281], "2-way 1-shot": [0.5459000121951104, 0.13023317809969293], "2-way 1-shot_print": "acc: 0.5459\n std: 0.1302\n interval: 0.0255", "2-way 3-shot 0-repeat": [0.5720000098645687, 0.14375674010605], "2-way 3-shot 1-repeat": [0.6295000118017197, 0.12228961367852526], "2-way 3-shot 2-repeat": [0.559000011831522, 0.1241732680303931], "2-way 3-shot 3-repeat": [0.5800000125169754, 0.11618950156611216], "2-way 3-shot 4-repeat": [0.5550000095367431, 0.12031209437809796], "2-way 3-shot": [0.5791000111103057, 0.12534424355183568], "2-way 3-shot_print": "acc: 0.5791\n std: 0.1253\n interval: 0.0246", "2-way 5-shot 0-repeat": [0.5925000178813934, 0.09653367658623586], "2-way 5-shot 1-repeat": [0.5845000138878822, 0.10993066238248768], "2-way 5-shot 2-repeat": [0.6230000123381615, 0.11967037880601478], "2-way 5-shot 3-repeat": [0.57700001090765, 0.12677144855197525], "2-way 5-shot 4-repeat": [0.6445000140368938, 0.11355505145237492], "2-way 5-shot": [0.6043000138103961, 0.11329224355581771], "2-way 5-shot_print": "acc: 0.6043\n std: 0.1133\n interval: 0.0222"}