{"2-way 1-shot 0-repeat": [0.7225000134110451, 0.1567442221920892], "2-way 1-shot 1-repeat": [0.7280000126361847, 0.15545417638437226], "2-way 1-shot 2-repeat": [0.7135000124573707, 0.15745713338247994], "2-way 1-shot 3-repeat": [0.691500011086464, 0.16402057867899805], "2-way 1-shot 4-repeat": [0.7200000131130219, 0.14645818617620346], "2-way 1-shot": [0.7151000125408173, 0.15602685936282856], "2-way 1-shot_print": "acc: 0.7151\n std: 0.1560\n interval: 0.0306", "2-way 3-shot 0-repeat": [0.8640000069141388, 0.12370933288747862], "2-way 3-shot 1-repeat": [0.8280000123381615, 0.12355565318605631], "2-way 3-shot 2-repeat": [0.8370000073313713, 0.15646404633176672], "2-way 3-shot 3-repeat": [0.8195000115036964, 0.1359953983675354], "2-way 3-shot 4-repeat": [0.7615000101923942, 0.140152593127147], "2-way 3-shot": [0.8220000096559523, 0.1359754047799968], "2-way 3-shot_print": "acc: 0.8220\n std: 0.1360\n interval: 0.0267", "2-way 5-shot 0-repeat": [0.8980000072717667, 0.08453401092984697], "2-way 5-shot 1-repeat": [0.8955000102519989, 0.09276178661036844], "2-way 5-shot 2-repeat": [0.8725000113248825, 0.09908960292045839], "2-way 5-shot 3-repeat": [0.8625000101327897, 0.11861175826332689], "2-way 5-shot 4-repeat": [0.8870000064373016, 0.0963379412052832], "2-way 5-shot": [0.8831000090837478, 0.09826701998585677], "2-way 5-shot_print": "acc: 0.8831\n std: 0.0983\n interval: 0.0193", "5-way 1-shot 0-repeat": [0.4725999867916107, 0.09833229136014136], "5-way 1-shot 1-repeat": [0.5249999877810478, 0.10678482780290298], "5-way 1-shot 2-repeat": [0.4883999888598919, 0.09992717375704202], "5-way 1-shot 3-repeat": [0.47999998554587364, 0.10748022764478093], "5-way 1-shot 4-repeat": [0.4849999870359898, 0.11212046813285342], "5-way 1-shot": [0.49019998720288277, 0.10492899773954414], "5-way 1-shot_print": "acc: 0.4902\n std: 0.1049\n interval: 0.0206", "5-way 3-shot 0-repeat": [0.6191999861598014, 0.08133486380906492], "5-way 3-shot 1-repeat": [0.6213999822735786, 0.09567674552527937], "5-way 3-shot 2-repeat": [0.6373999884724617, 0.08982894883220618], "5-way 3-shot 3-repeat": [0.6099999874830246, 0.07861297892447358], "5-way 3-shot 4-repeat": [0.6341999876499176, 0.0972129606555123], "5-way 3-shot": [0.6244399864077568, 0.08853329954930729], "5-way 3-shot_print": "acc: 0.6244\n std: 0.0885\n interval: 0.0174", "5-way 5-shot 0-repeat": [0.6629999846220016, 0.0860406868730307], "5-way 5-shot 1-repeat": [0.6471999847888946, 0.1026652793656694], "5-way 5-shot 2-repeat": [0.723799982368946, 0.06989677826864715], "5-way 5-shot 3-repeat": [0.6903999853134155, 0.08062158348568915], "5-way 5-shot 4-repeat": [0.7113999855518341, 0.06865886320687824], "5-way 5-shot": [0.6871599845290184, 0.08157663823998293], "5-way 5-shot_print": "acc: 0.6872\n std: 0.0816\n interval: 0.0160"}