{"2-way 1-shot 0-repeat": [0.615000008046627, 0.1999374919529448], "2-way 1-shot 1-repeat": [0.5840000090003014, 0.1679106921679194], "2-way 1-shot 2-repeat": [0.6885000117123127, 0.19037528892419778], "2-way 1-shot 3-repeat": [0.7135000126063824, 0.18625990024814457], "2-way 1-shot 4-repeat": [0.672500013411045, 0.1685786176957715], "2-way 1-shot": [0.6547000109553337, 0.1826123981977956], "2-way 1-shot_print": "acc: 0.6547\n std: 0.1826\n interval: 0.0358", "2-way 3-shot 0-repeat": [0.7695000118017197, 0.1513101122142655], "2-way 3-shot 1-repeat": [0.681500016450882, 0.11172622621929999], "2-way 3-shot 2-repeat": [0.8275000101327896, 0.13292384702870622], "2-way 3-shot 3-repeat": [0.7930000120401383, 0.1403602513202396], "2-way 3-shot 4-repeat": [0.7890000122785569, 0.15142324779275254], "2-way 3-shot": [0.7721000125408173, 0.1375487369150528], "2-way 3-shot_print": "acc: 0.7721\n std: 0.1375\n interval: 0.0270", "2-way 5-shot 0-repeat": [0.8710000109672547, 0.11814820841614744], "2-way 5-shot 1-repeat": [0.7965000125765801, 0.1120836761423587], "2-way 5-shot 2-repeat": [0.7705000126361847, 0.1360321606492311], "2-way 5-shot 3-repeat": [0.8435000103712081, 0.14011691237487345], "2-way 5-shot 4-repeat": [0.8150000122189521, 0.11586630060354199], "2-way 5-shot": [0.8193000117540359, 0.12444945163723053], "2-way 5-shot_print": "acc: 0.8193\n std: 0.1244\n interval: 0.0244", "5-way 1-shot 0-repeat": [0.5073999857902527, 0.11011466868847368], "5-way 1-shot 1-repeat": [0.49759998589754106, 0.10362547789791422], "5-way 1-shot 2-repeat": [0.46639998748898504, 0.10453248227776213], "5-way 1-shot 3-repeat": [0.5203999860584736, 0.10598037281619414], "5-way 1-shot 4-repeat": [0.5121999868750572, 0.10880790197643644], "5-way 1-shot": [0.5007999864220619, 0.10661218073135612], "5-way 1-shot_print": "acc: 0.5008\n std: 0.1066\n interval: 0.0209", "5-way 3-shot 0-repeat": [0.6225999844074249, 0.0905827792257123], "5-way 3-shot 1-repeat": [0.6807999867200851, 0.07636334196130304], "5-way 3-shot 2-repeat": [0.6187999841570854, 0.09805386197641591], "5-way 3-shot 3-repeat": [0.5867999854683876, 0.0834371616456118], "5-way 3-shot 4-repeat": [0.6195999863743782, 0.08433172720119257], "5-way 3-shot": [0.6257199854254722, 0.08655377440204713], "5-way 3-shot_print": "acc: 0.6257\n std: 0.0866\n interval: 0.0170", "5-way 5-shot 0-repeat": [0.6831999844312668, 0.07524466336131279], "5-way 5-shot 1-repeat": [0.6515999886393548, 0.08100271577644678], "5-way 5-shot 2-repeat": [0.6757999846339225, 0.06695042961341229], "5-way 5-shot 3-repeat": [0.6879999840259552, 0.07116178687546128], "5-way 5-shot 4-repeat": [0.6779999861121178, 0.07861297356397424], "5-way 5-shot": [0.6753199855685235, 0.07459451383812146], "5-way 5-shot_print": "acc: 0.6753\n std: 0.0746\n interval: 0.0146"}