{"2-way 1-shot 0-repeat": [0.6605000124126673, 0.18347956485216688], "2-way 1-shot 1-repeat": [0.6100000120699406, 0.1503329667672734], "2-way 1-shot 2-repeat": [0.5805000123381615, 0.12978732816694427], "2-way 1-shot 3-repeat": [0.5825000113248825, 0.13827056885540284], "2-way 1-shot 4-repeat": [0.5705000114440918, 0.12208501110334552], "2-way 1-shot": [0.6008000119179487, 0.14479108794902656], "2-way 1-shot_print": "acc: 0.6008\n std: 0.1448\n interval: 0.0284", "2-way 3-shot 0-repeat": [0.723500012755394, 0.1422067148421752], "2-way 3-shot 1-repeat": [0.7070000123977661, 0.14474460519280896], "2-way 3-shot 2-repeat": [0.7125000125169754, 0.14113380532083195], "2-way 3-shot 3-repeat": [0.7025000128149986, 0.1334868935384612], "2-way 3-shot 4-repeat": [0.753500012755394, 0.1251509095970658], "2-way 3-shot": [0.7198000126481056, 0.13734458569826863], "2-way 3-shot_print": "acc: 0.7198\n std: 0.1373\n interval: 0.0269", "2-way 5-shot 0-repeat": [0.7465000092983246, 0.1377052995230242], "2-way 5-shot 1-repeat": [0.7135000118613243, 0.13357675404346644], "2-way 5-shot 2-repeat": [0.734000011086464, 0.13507035269056342], "2-way 5-shot 3-repeat": [0.7280000114440918, 0.1405916077712846], "2-way 5-shot 4-repeat": [0.7185000136494637, 0.1383211869906758], "2-way 5-shot": [0.7281000114679337, 0.13705304020380288], "2-way 5-shot_print": "acc: 0.7281\n std: 0.1371\n interval: 0.0269", "5-way 1-shot 0-repeat": [0.37279999017715454, 0.10883087548121577], "5-way 1-shot 1-repeat": [0.36579998951405285, 0.0998917370193821], "5-way 1-shot 2-repeat": [0.37859999120235444, 0.106367475083057], "5-way 1-shot 3-repeat": [0.39179998815059663, 0.10411896661925656], "5-way 1-shot 4-repeat": [0.3867999902367592, 0.11751493102327447], "5-way 1-shot": [0.37915998985618354, 0.10734479704523718], "5-way 1-shot_print": "acc: 0.3792\n std: 0.1073\n interval: 0.0210", "5-way 3-shot 0-repeat": [0.47659998714923857, 0.10518763996874336], "5-way 3-shot 1-repeat": [0.5077999858558178, 0.0928178843996074], "5-way 3-shot 2-repeat": [0.5027999871969223, 0.10699607497592292], "5-way 3-shot 3-repeat": [0.4991999864578247, 0.08461299908141942], "5-way 3-shot 4-repeat": [0.5197999882698059, 0.10235213446150285], "5-way 3-shot": [0.5012399869859219, 0.09839334657743919], "5-way 3-shot_print": "acc: 0.5012\n std: 0.0984\n interval: 0.0193", "5-way 5-shot 0-repeat": [0.5531999856233597, 0.09222667510728787], "5-way 5-shot 1-repeat": [0.5193999859690667, 0.08847394787148634], "5-way 5-shot 2-repeat": [0.5137999874353408, 0.10173278798539599], "5-way 5-shot 3-repeat": [0.5685999855399132, 0.10614160116642317], "5-way 5-shot 4-repeat": [0.5647999849915505, 0.0848113193277433], "5-way 5-shot": [0.5439599859118461, 0.09467726629166733], "5-way 5-shot_print": "acc: 0.5440\n std: 0.0947\n interval: 0.0186"}