{"2-way 1-shot 0-repeat": [0.5275000114738941, 0.11605494958841003], "2-way 1-shot 1-repeat": [0.5300000125169754, 0.10148891932156046], "2-way 1-shot 2-repeat": [0.5090000106394291, 0.11008633392540967], "2-way 1-shot 3-repeat": [0.5275000140070916, 0.1173403209065882], "2-way 1-shot 4-repeat": [0.5165000121295452, 0.1086404660215665], "2-way 1-shot": [0.5221000121533871, 0.11072219795270696], "2-way 1-shot_print": "acc: 0.5221\n std: 0.1107\n interval: 0.0217", "2-way 3-shot 0-repeat": [0.5230000115931034, 0.110322258517379], "2-way 3-shot 1-repeat": [0.5285000142455101, 0.10868648169837396], "2-way 3-shot 2-repeat": [0.5215000095963478, 0.10006373233649933], "2-way 3-shot 3-repeat": [0.5265000131726265, 0.10617321233938774], "2-way 3-shot 4-repeat": [0.5250000116229058, 0.10781929761769604], "2-way 3-shot": [0.5249000120460987, 0.10661299650186722], "2-way 3-shot_print": "acc: 0.5249\n std: 0.1066\n interval: 0.0209", "2-way 5-shot 0-repeat": [0.5360000088810921, 0.1181270515768335], "2-way 5-shot 1-repeat": [0.5470000123977661, 0.1205860731593081], "2-way 5-shot 2-repeat": [0.5490000104904175, 0.11401316025965996], "2-way 5-shot 3-repeat": [0.5685000115633011, 0.1135022028901473], "2-way 5-shot 4-repeat": [0.5455000120401382, 0.11047511242804557], "2-way 5-shot": [0.5492000110745431, 0.11534072006279887], "2-way 5-shot_print": "acc: 0.5492\n std: 0.1153\n interval: 0.0226"}