{"2-way 1-shot 0-repeat": [0.5730000115185976, 0.17050220201864144], "2-way 1-shot 1-repeat": [0.5685000103712082, 0.12483088855260456], "2-way 1-shot 2-repeat": [0.5505000108480453, 0.1616315286203603], "2-way 1-shot 3-repeat": [0.5740000107884407, 0.15272197313929498], "2-way 1-shot 4-repeat": [0.5805000121891498, 0.12142796325723453], "2-way 1-shot": [0.5693000111430884, 0.14622291111762714], "2-way 1-shot_print": "acc: 0.5693\n std: 0.1462\n interval: 0.0287", "2-way 3-shot 0-repeat": [0.6275000089406967, 0.13790848608211806], "2-way 3-shot 1-repeat": [0.6395000119879842, 0.1803184707303645], "2-way 3-shot 2-repeat": [0.6195000100135803, 0.14455016775589985], "2-way 3-shot 3-repeat": [0.7430000102519989, 0.16733499456416362], "2-way 3-shot 4-repeat": [0.6705000148713589, 0.1590746689240146], "2-way 3-shot": [0.6600000112131238, 0.15783735761131212], "2-way 3-shot_print": "acc: 0.6600\n std: 0.1578\n interval: 0.0309", "2-way 5-shot 0-repeat": [0.6455000129342079, 0.1321164289401626], "2-way 5-shot 1-repeat": [0.7085000136494637, 0.1438845045517693], "2-way 5-shot 2-repeat": [0.6670000116527081, 0.16676630387301694], "2-way 5-shot 3-repeat": [0.58450001090765, 0.15679525223972382], "2-way 5-shot 4-repeat": [0.6325000093877315, 0.13423393655698146], "2-way 5-shot": [0.6476000117063523, 0.1467592852323308], "2-way 5-shot_print": "acc: 0.6476\n std: 0.1468\n interval: 0.0288"}