{"2-way 1-shot 0-repeat": [0.6165000084042549, 0.18668891237243207], "2-way 1-shot 1-repeat": [0.6975000102818012, 0.16990806273743567], "2-way 1-shot 2-repeat": [0.6785000158846378, 0.17091737839086124], "2-way 1-shot 3-repeat": [0.6035000103712082, 0.14357141113151572], "2-way 1-shot 4-repeat": [0.6035000112652779, 0.1353246122848434], "2-way 1-shot": [0.639900011241436, 0.1612820753834176], "2-way 1-shot_print": "acc: 0.6399\n std: 0.1613\n interval: 0.0316", "2-way 3-shot 0-repeat": [0.7445000115036965, 0.13745817286038484], "2-way 3-shot 1-repeat": [0.7230000135302543, 0.15139682994272408], "2-way 3-shot 2-repeat": [0.6880000138282776, 0.1557433792585332], "2-way 3-shot 3-repeat": [0.7315000140666962, 0.159476487095567], "2-way 3-shot 4-repeat": [0.7285000115633011, 0.16496287573891422], "2-way 3-shot": [0.7231000128984452, 0.15380754897922466], "2-way 3-shot_print": "acc: 0.7231\n std: 0.1538\n interval: 0.0301", "2-way 5-shot 0-repeat": [0.7405000096559524, 0.1455498172493344], "2-way 5-shot 1-repeat": [0.7530000144243241, 0.14659809268104987], "2-way 5-shot 2-repeat": [0.773000011742115, 0.1416721567012512], "2-way 5-shot 3-repeat": [0.792500013411045, 0.11903255773869113], "2-way 5-shot 4-repeat": [0.738000011742115, 0.1503529193970572], "2-way 5-shot": [0.7594000121951103, 0.14064110875347677], "2-way 5-shot_print": "acc: 0.7594\n std: 0.1406\n interval: 0.0276", "5-way 1-shot 0-repeat": [0.42099998891353607, 0.117961855316786], "5-way 1-shot 1-repeat": [0.40599998787045477, 0.09909591218736254], "5-way 1-shot 2-repeat": [0.3997999897971749, 0.1140349031700802], "5-way 1-shot 3-repeat": [0.3943999890238047, 0.10962043373504379], "5-way 1-shot 4-repeat": [0.4167999887466431, 0.1176680051678205], "5-way 1-shot": [0.40759998887032267, 0.11167622191541862], "5-way 1-shot_print": "acc: 0.4076\n std: 0.1117\n interval: 0.0219", "5-way 3-shot 0-repeat": [0.5239999863505364, 0.09059801325746081], "5-way 3-shot 1-repeat": [0.549199988245964, 0.11240711573098042], "5-way 3-shot 2-repeat": [0.5321999856829643, 0.10702877681114663], "5-way 3-shot 3-repeat": [0.5585999855399132, 0.11247239416115651], "5-way 3-shot 4-repeat": [0.5407999846339225, 0.10744002966769353], "5-way 3-shot": [0.5409599860906601, 0.10598926592568758], "5-way 3-shot_print": "acc: 0.5410\n std: 0.1060\n interval: 0.0208", "5-way 5-shot 0-repeat": [0.5883999860286713, 0.096132408578657], "5-way 5-shot 1-repeat": [0.5991999861598015, 0.10563787218533303], "5-way 5-shot 2-repeat": [0.5801999866962433, 0.10641409423657475], "5-way 5-shot 3-repeat": [0.556799983382225, 0.09602999361814712], "5-way 5-shot 4-repeat": [0.5599999833106994, 0.08781799184113538], "5-way 5-shot": [0.5769199851155281, 0.09840647209196945], "5-way 5-shot_print": "acc: 0.5769\n std: 0.0984\n interval: 0.0193"}