{"2-way 1-shot 0-repeat": [0.5210000103712082, 0.11427598556000997], "2-way 1-shot 1-repeat": [0.5275000116229057, 0.10425330153361477], "2-way 1-shot 2-repeat": [0.5395000123977661, 0.09906942403644872], "2-way 1-shot 3-repeat": [0.5480000093579293, 0.12225383683777546], "2-way 1-shot 4-repeat": [0.5355000105500222, 0.11753616883939935], "2-way 1-shot": [0.5343000108599663, 0.11147774336144964], "2-way 1-shot_print": "acc: 0.5343\n std: 0.1115\n interval: 0.0218", "2-way 3-shot 0-repeat": [0.5755000120401382, 0.11499891327106172], "2-way 3-shot 1-repeat": [0.5600000125169754, 0.11467345026943017], "2-way 3-shot 2-repeat": [0.5750000134110451, 0.12216792055856393], "2-way 3-shot 3-repeat": [0.5790000149607658, 0.10029456934586901], "2-way 3-shot 4-repeat": [0.55700001090765, 0.11619380365675976], "2-way 3-shot": [0.5693000127673149, 0.11366573142033691], "2-way 3-shot_print": "acc: 0.5693\n std: 0.1137\n interval: 0.0223", "2-way 5-shot 0-repeat": [0.5870000103116035, 0.11393419069421676], "2-way 5-shot 1-repeat": [0.6145000123977661, 0.10892543270882389], "2-way 5-shot 2-repeat": [0.5985000136494637, 0.09204754118548093], "2-way 5-shot 3-repeat": [0.5960000118613243, 0.12014158363669368], "2-way 5-shot 4-repeat": [0.5950000125169754, 0.12439855318999087], "2-way 5-shot": [0.5982000121474267, 0.11188946028304123], "2-way 5-shot_print": "acc: 0.5982\n std: 0.1119\n interval: 0.0219"}