{"2-way 1-shot 0-repeat": [0.5215000103414059, 0.10056217194127967], "2-way 1-shot 1-repeat": [0.505500009804964, 0.08714786497087967], "2-way 1-shot 2-repeat": [0.5130000084638595, 0.10164152996883112], "2-way 1-shot 3-repeat": [0.552500009983778, 0.16345871406798432], "2-way 1-shot 4-repeat": [0.53950001090765, 0.10375331596998597], "2-way 1-shot": [0.5264000099003315, 0.11131271938379214], "2-way 1-shot_print": "acc: 0.5264\n std: 0.1113\n interval: 0.0218", "2-way 3-shot 0-repeat": [0.5995000103116035, 0.11124185611861237], "2-way 3-shot 1-repeat": [0.5560000118613243, 0.09753973852128901], "2-way 3-shot 2-repeat": [0.6210000103712082, 0.1364148098675168], "2-way 3-shot 3-repeat": [0.5705000121891498, 0.11425738706369441], "2-way 3-shot 4-repeat": [0.5615000122785568, 0.10996704178014886], "2-way 3-shot": [0.5817000114023686, 0.1138841666702523], "2-way 3-shot_print": "acc: 0.5817\n std: 0.1139\n interval: 0.0223", "2-way 5-shot 0-repeat": [0.6315000143647194, 0.1242286222699886], "2-way 5-shot 1-repeat": [0.7030000102519989, 0.14812494853859917], "2-way 5-shot 2-repeat": [0.6345000120997429, 0.13089977222719595], "2-way 5-shot 3-repeat": [0.6405000105500221, 0.1350361068483793], "2-way 5-shot 4-repeat": [0.6570000123977661, 0.11662332354196303], "2-way 5-shot": [0.6533000119328498, 0.1309825546852252], "2-way 5-shot_print": "acc: 0.6533\n std: 0.1310\n interval: 0.0257"}