{"2-way 1-shot 0-repeat": [0.6760000115633011, 0.17656160514672367], "2-way 1-shot 1-repeat": [0.5635000114142895, 0.13054788605374462], "2-way 1-shot 2-repeat": [0.6325000108778477, 0.17469616698489504], "2-way 1-shot 3-repeat": [0.6420000123605132, 0.1803773850478597], "2-way 1-shot 4-repeat": [0.6260000139474868, 0.13499629720184017], "2-way 1-shot": [0.6280000120326876, 0.15943586808701263], "2-way 1-shot_print": "acc: 0.6280\n std: 0.1594\n interval: 0.0312", "2-way 3-shot 0-repeat": [0.6210000120103359, 0.1549483800272927], "2-way 3-shot 1-repeat": [0.6950000104308128, 0.1463728093110403], "2-way 3-shot 2-repeat": [0.6605000129342079, 0.12792478266717777], "2-way 3-shot 3-repeat": [0.6820000132918358, 0.15435672919149687], "2-way 3-shot 4-repeat": [0.6375000104308128, 0.14428704023795308], "2-way 3-shot": [0.659200011819601, 0.14557794828699216], "2-way 3-shot_print": "acc: 0.6592\n std: 0.1456\n interval: 0.0285", "2-way 5-shot 0-repeat": [0.7160000112652779, 0.14677874504552496], "2-way 5-shot 1-repeat": [0.693500012755394, 0.11782508241716246], "2-way 5-shot 2-repeat": [0.7430000093579292, 0.12826145073084536], "2-way 5-shot 3-repeat": [0.7265000087022782, 0.14308301964361547], "2-way 5-shot 4-repeat": [0.725500011742115, 0.13829226167638947], "2-way 5-shot": [0.7209000107645989, 0.13484811190270754], "2-way 5-shot_print": "acc: 0.7209\n std: 0.1348\n interval: 0.0264", "5-way 1-shot 0-repeat": [0.33739999175071717, 0.08707031420460352], "5-way 1-shot 1-repeat": [0.3499999886751175, 0.09593747578101874], "5-way 1-shot 2-repeat": [0.3629999899864197, 0.10393747873243009], "5-way 1-shot 3-repeat": [0.35219999104738237, 0.10264092537269118], "5-way 1-shot 4-repeat": [0.3649999910593033, 0.10172020281151221], "5-way 1-shot": [0.35351999050378796, 0.09826127938045116], "5-way 1-shot_print": "acc: 0.3535\n std: 0.0983\n interval: 0.0193", "5-way 3-shot 0-repeat": [0.4551999877393246, 0.11171821491690655], "5-way 3-shot 1-repeat": [0.46259998604655267, 0.11650424600637349]}