{"2-way 1-shot 0-repeat": [0.541000012755394, 0.0985849905750766], "2-way 1-shot 1-repeat": [0.5550000117719174, 0.10781929325732963], "2-way 1-shot 2-repeat": [0.5425000125169754, 0.1109898680673311], "2-way 1-shot 3-repeat": [0.5355000102519989, 0.11753616829551572], "2-way 1-shot 4-repeat": [0.544000010639429, 0.12555477305401086], "2-way 1-shot": [0.5436000115871429, 0.11209701864985278], "2-way 1-shot_print": "acc: 0.5436\n std: 0.1121\n interval: 0.0220", "2-way 3-shot 0-repeat": [0.5700000128149987, 0.11335784243304287], "2-way 3-shot 1-repeat": [0.5495000123977661, 0.09578491885453566], "2-way 3-shot 2-repeat": [0.5540000137686729, 0.11284502720116725], "2-way 3-shot 3-repeat": [0.5825000143051148, 0.09807522677663588], "2-way 3-shot 4-repeat": [0.5840000125765801, 0.11871815557047483], "2-way 3-shot": [0.5680000131726265, 0.10775623416717131], "2-way 3-shot_print": "acc: 0.5680\n std: 0.1078\n interval: 0.0211", "2-way 5-shot 0-repeat": [0.5935000123083591, 0.12321830288544534], "2-way 5-shot 1-repeat": [0.6355000141263009, 0.11689631979304717], "2-way 5-shot 2-repeat": [0.5930000108480453, 0.11937755316455677], "2-way 5-shot 3-repeat": [0.5845000123977662, 0.12721930024382563], "2-way 5-shot 4-repeat": [0.5940000122785568, 0.12475576245830156], "2-way 5-shot": [0.6001000123918057, 0.1222934477090353], "2-way 5-shot_print": "acc: 0.6001\n std: 0.1223\n interval: 0.0240"}