{"2-way 1-shot 0-repeat": [0.5180000117421151, 0.09987993352543006], "2-way 1-shot 1-repeat": [0.5325000129640103, 0.11945187651279368], "2-way 1-shot 2-repeat": [0.5150000135600566, 0.1180042442519744], "2-way 1-shot 3-repeat": [0.5030000101029873, 0.10070253777136763], "2-way 1-shot 4-repeat": [0.5515000119805336, 0.10804050480867959], "2-way 1-shot": [0.5240000120699406, 0.10921581937404908], "2-way 1-shot_print": "acc: 0.5240\n std: 0.1092\n interval: 0.0214", "2-way 3-shot 0-repeat": [0.5415000090003014, 0.11248444561214978], "2-way 3-shot 1-repeat": [0.5405000138282776, 0.10739995735987272], "2-way 3-shot 2-repeat": [0.5390000095963479, 0.09475758621638014], "2-way 3-shot 3-repeat": [0.5060000093281269, 0.11074294735441002], "2-way 3-shot 4-repeat": [0.5195000123977661, 0.12122190936702454], "2-way 3-shot": [0.529300010830164, 0.10932136918196744], "2-way 3-shot_print": "acc: 0.5293\n std: 0.1093\n interval: 0.0214", "2-way 5-shot 0-repeat": [0.5250000104308128, 0.11169154046568001], "2-way 5-shot 1-repeat": [0.5535000115633011, 0.12026117705160873], "2-way 5-shot 2-repeat": [0.5390000128746033, 0.10113852333868509], "2-way 5-shot 3-repeat": [0.5535000121593475, 0.11494672893584142], "2-way 5-shot 4-repeat": [0.5605000132322311, 0.12435735018352327], "2-way 5-shot": [0.5463000120520591, 0.11447906399506771], "2-way 5-shot_print": "acc: 0.5463\n std: 0.1145\n interval: 0.0224"}