{"2-way 1-shot 0-repeat": [0.6545000112056732, 0.12371236796923799], "2-way 1-shot 1-repeat": [0.6985000118613243, 0.1660504456318622], "2-way 1-shot 2-repeat": [0.7925000104308129, 0.14077908026836483], "2-way 1-shot 3-repeat": [0.733000011742115, 0.15783218800589324], "2-way 1-shot 4-repeat": [0.6930000104382634, 0.21725791045127113], "2-way 1-shot": [0.7143000111356377, 0.16112639846532587], "2-way 1-shot_print": "acc: 0.7143\n std: 0.1611\n interval: 0.0316", "2-way 3-shot 0-repeat": [0.8395000112056732, 0.10613552391455555], "2-way 3-shot 1-repeat": [0.8540000125765801, 0.11783038447699724], "2-way 3-shot 2-repeat": [0.8780000102519989, 0.09806120020076266], "2-way 3-shot 3-repeat": [0.7840000134706497, 0.1337684580143447], "2-way 3-shot 4-repeat": [0.8335000123083591, 0.14917355195588683], "2-way 3-shot": [0.8378000119626522, 0.1209938237125094], "2-way 3-shot_print": "acc: 0.8378\n std: 0.1210\n interval: 0.0237", "2-way 5-shot 0-repeat": [0.8965000087022781, 0.09387624179448127], "2-way 5-shot 1-repeat": [0.8895000118017197, 0.10205267627004443], "2-way 5-shot 2-repeat": [0.8815000116825104, 0.09890778143421977], "2-way 5-shot 3-repeat": [0.8615000090003013, 0.13617176130556063], "2-way 5-shot 4-repeat": [0.8890000084042549, 0.10039421700489855], "2-way 5-shot": [0.883600009918213, 0.10628053556184094], "2-way 5-shot_print": "acc: 0.8836\n std: 0.1063\n interval: 0.0208", "5-way 1-shot 0-repeat": [0.5513999885320664, 0.10808348327523958], "5-way 1-shot 1-repeat": [0.4943999870121479, 0.12940107926979227], "5-way 1-shot 2-repeat": [0.5603999847173691, 0.11099477207339074], "5-way 1-shot 3-repeat": [0.5151999850571155, 0.132849383552322], "5-way 1-shot 4-repeat": [0.5435999844968319, 0.12869747391978678], "5-way 1-shot": [0.5329999859631062, 0.12200523841810629], "5-way 1-shot_print": "acc: 0.5330\n std: 0.1220\n interval: 0.0239", "5-way 3-shot 0-repeat": [0.6585999870300293, 0.08329489969161702], "5-way 3-shot 1-repeat": [0.6633999821543693, 0.09461733191188788], "5-way 3-shot 2-repeat": [0.6079999849200248, 0.07989993731433137], "5-way 3-shot 3-repeat": [0.61619998306036, 0.0846496307165878], "5-way 3-shot 4-repeat": [0.6477999851107598, 0.08303709969732187], "5-way 3-shot": [0.6387999844551087, 0.08509977986634919], "5-way 3-shot_print": "acc: 0.6388\n std: 0.0851\n interval: 0.0167", "5-way 5-shot 0-repeat": [0.7239999830722809, 0.0717216775732989], "5-way 5-shot 1-repeat": [0.7145999819040298, 0.07672573953653346], "5-way 5-shot 2-repeat": [0.7269999831914902, 0.07224264276228642], "5-way 5-shot 3-repeat": [0.7423999828100204, 0.07814242786423281], "5-way 5-shot 4-repeat": [0.7237999820709229, 0.07831704384203796], "5-way 5-shot": [0.7263599826097489, 0.07542990631567792], "5-way 5-shot_print": "acc: 0.7264\n std: 0.0754\n interval: 0.0148"}