{"2-way 1-shot 0-repeat": [0.6235000000149011, 0.1518971653454717], "2-way 1-shot 1-repeat": [0.5920000013709068, 0.15711778934885753], "2-way 1-shot 2-repeat": [0.6630000017583371, 0.17458808319863403]}