{"2-way 1-shot 0-repeat": [0.5195000112056732, 0.08273300662687755], "2-way 1-shot 1-repeat": [0.5155000096559524, 0.07896043814107538], "2-way 1-shot 2-repeat": [0.5020000103116036, 0.08629021524028117], "2-way 1-shot 3-repeat": [0.4955000041425228, 0.06445735187033547], "2-way 1-shot 4-repeat": [0.520500009059906, 0.09409968307980995], "2-way 1-shot": [0.5106000088751316, 0.08130813899167591], "2-way 1-shot_print": "acc: 0.5106\n std: 0.0813\n interval: 0.0159", "2-way 3-shot 0-repeat": [0.528500008881092, 0.08782226953123708], "2-way 3-shot 1-repeat": [0.5115000069141388, 0.06958987536219599], "2-way 3-shot 2-repeat": [0.5215000030398369, 0.05712049040064583], "2-way 3-shot 3-repeat": [0.5330000081658364, 0.08894380464611859], "2-way 3-shot 4-repeat": [0.5180000016093254, 0.06265780223150919], "2-way 3-shot": [0.5225000057220459, 0.07322684843434132], "2-way 3-shot_print": "acc: 0.5225\n std: 0.0732\n interval: 0.0144", "2-way 5-shot 0-repeat": [0.5165000070631504, 0.09619122008748193], "2-way 5-shot 1-repeat": [0.5270000091195106, 0.08258934759429405], "2-way 5-shot 2-repeat": [0.5155000084638596, 0.07024777894649574], "2-way 5-shot 3-repeat": [0.5100000023841857, 0.04301162862175037], "2-way 5-shot 4-repeat": [0.5550000120699405, 0.10943034592587966], "2-way 5-shot": [0.5248000078201294, 0.08029406423518035], "2-way 5-shot_print": "acc: 0.5248\n std: 0.0803\n interval: 0.0157"}